Workbook

Sheet 進捗一覧
A1: 私立高校 Web出願 チェックシート 進捗一覧
A2: 各欄で「済・未・要確認」を選びます。「要確認」は赤、「済」は緑で表示されます。
A4: 番号 | B4: 氏名 | C4: 受験校 | D4: 入試区分 | E4: 住所確認 11/20 | F4: 説明会 11/27 | G4: 手書き下書き 11/27 | H4: オンライン下書き 12/1〜3 | I4: 下書き印刷 12/1〜3 | J4: 担当チェック 12/4 | K4: 修正 12/4〜10 | L4: 出願確定 12/4〜10 | M4: 受験料支払 12/4〜10 | N4: 志願票等の印刷 12/4〜10 | O4: 学校へ提出 12/11 | P4: 提出書類確認 12/11 | Q4: 完了数 | R4: 進み具合
A5: 1 | Q5: =IF(B5="","",COUNTIF(E5:P5,"済")) | R5: =IF(B5="","",Q5/12)
A6: 2 | Q6: =IF(B6="","",COUNTIF(E6:P6,"済")) | R6: =IF(B6="","",Q6/12)
A7: 3 | Q7: =IF(B7="","",COUNTIF(E7:P7,"済")) | R7: =IF(B7="","",Q7/12)
A8: 4 | Q8: =IF(B8="","",COUNTIF(E8:P8,"済")) | R8: =IF(B8="","",Q8/12)
A9: 5 | Q9: =IF(B9="","",COUNTIF(E9:P9,"済")) | R9: =IF(B9="","",Q9/12)
A10: 6 | Q10: =IF(B10="","",COUNTIF(E10:P10,"済")) | R10: =IF(B10="","",Q10/12)
A11: 7 | Q11: =IF(B11="","",COUNTIF(E11:P11,"済")) | R11: =IF(B11="","",Q11/12)
A12: 8 | Q12: =IF(B12="","",COUNTIF(E12:P12,"済")) | R12: =IF(B12="","",Q12/12)
A13: 9 | Q13: =IF(B13="","",COUNTIF(E13:P13,"済")) | R13: =IF(B13="","",Q13/12)
A14: 10 | Q14: =IF(B14="","",COUNTIF(E14:P14,"済")) | R14: =IF(B14="","",Q14/12)
A15: 11 | Q15: =IF(B15="","",COUNTIF(E15:P15,"済")) | R15: =IF(B15="","",Q15/12)
A16: 12 | Q16: =IF(B16="","",COUNTIF(E16:P16,"済")) | R16: =IF(B16="","",Q16/12)
... A44: 40 | Q44: =IF(B44="","",COUNTIF(E44:P44,"済")) | R44: =IF(B44="","",Q44/12)
A45: 済の人数 | E45: =COUNTIF(E5:E44,"済") | F45: =COUNTIF(F5:F44,"済") | G45: =COUNTIF(G5:G44,"済") | H45: =COUNTIF(H5:H44,"済") | I45: =COUNTIF(I5:I44,"済") | J45: =COUNTIF(J5:J44,"済") | K45: =COUNTIF(K5:K44,"済") | L45: =COUNTIF(L5:L44,"済") | ... P45: =COUNTIF(P5:P44,"済")

Sheet 受験校日程
A1: 受験校ごとの日程（募集要項から転記）
A3: 高校名 | B3: 学科・コース | C3: 入試区分 | D3: 出願期間 | E3: 受験料の支払期限 | F3: 試験日 | G3: 合格発表 | H3: 入学手続の締切 | I3: 事前入力の開始日 | J3: 中学校の校内締切 | K3: 受験者数 | L3: メモ
K4: =IF(A4="","",COUNTIF(進捗一覧!$C$5:$C$44,A4))
K5: =IF(A5="","",COUNTIF(進捗一覧!$C$5:$C$44,A5))
K6: =IF(A6="","",COUNTIF(進捗一覧!$C$5:$C$44,A6))
K7: =IF(A7="","",COUNTIF(進捗一覧!$C$5:$C$44,A7))
K8: =IF(A8="","",COUNTIF(進捗一覧!$C$5:$C$44,A8))
K9: =IF(A9="","",COUNTIF(進捗一覧!$C$5:$C$44,A9))
K10: =IF(A10="","",COUNTIF(進捗一覧!$C$5:$C$44,A10))
K11: =IF(A11="","",COUNTIF(進捗一覧!$C$5:$C$44,A11))
K12: =IF(A12="","",COUNTIF(進捗一覧!$C$5:$C$44,A12))
K13: =IF(A13="","",COUNTIF(進捗一覧!$C$5:$C$44,A13))
K14: =IF(A14="","",COUNTIF(進捗一覧!$C$5:$C$44,A14))
K15: =IF(A15="","",COUNTIF(進捗一覧!$C$5:$C$44,A15))
... K23: =IF(A23="","",COUNTIF(進捗一覧!$C$5:$C$44,A23))

Sheet チェック項目
A1: チェック項目一覧（生徒配布用シートと同じ内容）
A3: No | B3: 確認項目 | C3: 補足・メモ | D3: 先生確認
A4: 住所を確認する
A5: 1 | B5: 郵便番号と住所を、番地・建物名・部屋番号まで確認した | C5: 住民票などで確認 | D5: ○
A6: 2 | B6: 氏名・ふりがな・生年月日の正しい書き方を確認した | C6: 旧字体・外字は担任に相談 | D6: ○
A7: 3 | B7: 保護者の氏名・連絡先と、出願に使うメールアドレスを確認した
A8: 説明を聞き、手書きで下書きする
A9: 4 | B9: 担当の先生から出願の仕方の説明を聞き、手書きの下書きを書いた | D9: ○
A10: 5 | B10: 受験校の日程を表に書き、出願期間が本校の日程と合っているか確認した | C10: 違う場合は先生の指示に従う | D10: ○
A11: 家庭でオンラインの下書きをする
A12: 6 | B12: 下書きを家に持ち帰り、保護者に見せた
A13: 7 | B13: メールの受信設定と利用者登録をし、IDとパスワードを控えた
A14: 8 | B14: 保護者と一緒に出願内容を入力した（写真をアップロードする高校は写真も）
A15: 9 | B15: 受験料はまだ振り込まない（出願も確定しない） | C15: 12月4日の下書きチェック後に支払う
A16: 10 | B16: 入力した内容（下書き）を印刷した | C16: コンビニのプリントも可
A17: 下書きのチェックを受ける
A18: 11 | B18: 印刷した下書きを持ってきて、担当の先生にチェックしてもらった | C18: 直すところを赤で書く | D18: ○
A19: 家庭でオンライン出願をする
A20: 12 | B20: 直すところを直し、保護者と最終確認をして出願を確定した | C20: 確定後は直せないことがある
A21: 13 | B21: 受験料を期限内に支払い、完了メールと受付番号を確認した | C21: 支払期限は高校ごとに確認
A22: 14 | B22: 志願票と受験票を印刷した（写真を貼る高校は志願票に写真を貼った） | C22: 用紙・サイズの指定に注意
A23: 志願票と受験票を学校へ提出する
A24: 15 | B24: 志願票と受験票のコピーを取り、学校に提出した | D24: ○
A25: 16 | B25: 受験番号・試験日・試験会場・集合時刻をメモした | D25: ○
A26: 試験の前に
A27: 17 | B27: 返してもらった受験票を保管し、交通手段と持ち物を確認した | C27: 受験票は試験前に返却 | D27: ○
